,accuracy,precision,recall,f1,roc_auc
t=0.5,0.8556658818712253,0.732,0.6261762189905903,0.6749654218533887,0.9315911403446064
t*,0.8232162964479476,0.9935379644588045,0.2630453378956373,0.41596212377409536,0.9315911403446064
