model,auc,f1,precision,recall,accuracy
LGBM_best,0.9321370523846476,0.7237917347653514,0.7969151670951157,0.6629597946963216,0.8789026512437301
XGB_es,0.9310527972257803,0.7255813953488373,0.7951070336391437,0.6672369546621043,0.8792097451120893
RF_best,0.9214357777322684,0.6836935166994106,0.8027681660899654,0.5953806672369547,0.8681543658511618
LogReg,0.9115962089316954,0.6685446009389672,0.740894901144641,0.6090675791274593,0.8554611526256526
RF_baseline,0.9086162987480255,0.6748267898383372,0.733433734939759,0.6248930710008554,0.8558706111167981
DT_entropy,0.7524539708863028,0.6221276595744681,0.6189669771380186,0.6253207869974337,0.8182004299314157
DT_gini,0.7473975286062052,0.6139495442018232,0.6086591004623791,0.6193327630453379,0.8135940219060293
