model,auc,f1,precision,recall,accuracy
LGBM_best,0.9321117554958713,0.7228184787680821,0.7951745379876797,0.6625320786997434,0.7951745379876797
XGB_es,0.9313394089610734,0.7215101374970869,0.7926267281105991,0.6621043627031651,0.8776742757702938
RF_best,0.9234045894024282,0.686405132000987,0.8110787172011662,0.5949529512403764,0.8110787172011662
LogReg,0.9116968209034378,0.6697958225768599,0.7420696827873114,0.6103507271171942,0.7420696827873114
RF_baseline,0.9107764631070058,0.6837252189949286,0.7415,0.6343028229255774,0.7415
DT_entropy,0.7566944661919025,0.6301135146712358,0.631059631059631,0.6291702309666382,0.631059631059631
DT_gini,0.7475111199827693,0.6140535978054442,0.6059975010412328,0.6223267750213858,0.6059975010412328
